offset,english,pt_br
0xE12,"2013/10/13 US East Coast.","Costa leste, 13/10/2013"
0xEE9,"Too bad, old man.","Azar o seu, velho."
0xF72,"It's game over!","Fim de jogo!"
0xFE3,"No. Wait. Please!","Não! Por favor!"
0x107A,"Before...before you kill me","Antes... de me matar"
0x1121,"let me say","deixe-me"
0x118A,"my prayers","rezar."
0x11EC,"Prayers?","Rezar?"
0x124E,"You should have done that before.","Devia ter feito isso antes."
0x130D,"Hmph, just a raven.","Hm, só um corvo."
0x13A0,"Too bad.","Que pena."
0x140B,"Hey, there's something better than a raven.","Ei, tem algo melhor que um corvo."
0x14F9,"She's got nice skin.","Bela pele a dela."
0x159D,"So? You wanna say your prayers?","E você? Quer rezar?"
0x164F,"Witches don't need...","Bruxas dispensam..."
0x16F2,"prayers.","preces."
0x1752,"U.S. East Coast, 10/13/2013","Costa leste, 13/10/2013"
0x181F,"Too bad, old man.","Azar o seu, velho."
0x189B,"It's game over!","Fim de jogo!"
0x18FF,"No. Wait. Please!","Não! Por favor!"
0x1989,"Before... Before you kill me,","Antes... antes de me matar,"
0x1A26,"let me say","deixe-me"
0x1A82,"my prayers! Ple-","rezar! Por fa-"
0x1ADD,"Prayers?","Rezar?"
0x1B32,"You should have done that before.","Devia ter feito isso antes."
0x1BE4,"Just a raven.","Só um corvo."
0x1C64,"Too bad.","Que pena"
0x1CC1,"Hey, there's something better than a raven.","Ei, tem algo melhor que um corvo."
0x1DA4,"She's got nice skin.","Bela pele a dela."
0x1E3B,"You wanna say YOUR prayers?","E VOCÊ, quer rezar?"
0x1EDD,"Witches don't need...","Bruxas dispensam..."
0x1F75,"...prayers.","...preces."
