file,size_bytes,decoded_strings,japanese_records,english_pairs,japanese_only,english_candidates_without_japanese,notes
arg.bin,16578,329,30,28,2,0,
BW0_0100.bin,6955,90,14,14,0,0,
BW1_0100.bin,8107,244,32,32,0,0,
BW1_0400.bin,901,19,2,2,0,0,
BW2_0200.bin,11265,208,28,28,0,0,
BW2_0300.bin,2258,64,8,8,0,0,
BW3_0450.bin,35145,687,93,87,6,0,
BW3_0800.bin,16475,378,49,49,0,0,
BW3_0900.bin,5432,123,16,16,0,0,
BW4_0110.bin,3641,49,6,6,0,0,
BW4_0300.bin,11719,214,28,28,0,0,
BW5_0100.bin,3329,45,6,6,0,0,
BW5_0200.bin,6277,139,18,18,0,0,
BW5_0250.bin,1097,19,2,2,0,0,
BW5_0350.bin,32715,627,82,80,2,0,
BW6_0100.bin,16491,305,40,40,0,0,
BW6_0200.bin,5161,109,14,14,0,0,
BW6_0300.bin,4079,94,12,12,0,0,
BW6_0500.bin,632,19,2,2,0,0,
BW6_0600.bin,31021,549,76,74,2,0,
cmtxt00.bin,2120,37,2,2,0,0,
cmtxt01.bin,1999,37,2,2,0,0,
cmtxt02.bin,2024,37,2,2,0,0,
cmtxt03.bin,1858,37,2,2,0,0,
cmtxt04.bin,2054,37,2,2,0,0,
cmtxt05.bin,1890,37,2,2,0,0,
cmtxt16.bin,2376,37,2,2,0,0,
cmtxt17.bin,2348,37,2,2,0,0,
cmtxt18.bin,2312,37,2,2,0,0,
cmtxt19.bin,2332,37,2,2,0,0,
cmtxt20.bin,2312,37,2,2,0,0,
cmtxt21.bin,2322,37,2,2,0,0,
cmtxt32.bin,2362,37,2,2,0,0,
cmtxt33.bin,2348,37,2,2,0,0,
cmtxt34.bin,2326,37,2,2,0,0,
cmtxt35.bin,2334,37,2,2,0,0,
cmtxt36.bin,2314,37,2,2,0,0,
cmtxt37.bin,2322,37,2,2,0,0,
costxt01.bin,2011,36,0,0,0,3,
costxt02.bin,2009,36,0,0,0,3,
costxt03.bin,2059,37,0,0,0,4,
costxt04.bin,2009,36,0,0,0,3,
costxt05.bin,2009,36,0,0,0,3,
hlp.bin,186215,1187,98,98,0,0,
hlp2.bin,237749,833,114,114,0,0,
lsn.bin,122387,283,40,34,6,0,
nwp.bin,37192,294,42,28,14,0,
onm.bin,58883,1244,152,146,6,0,
pup.bin,49337,624,65,64,1,0,
res.bin,10001,296,0,0,0,9,
rtevent.bin,251443,3040,338,338,0,0,
staff.bin,1556,38,16,0,16,0,
sts.bin,55896,1349,144,142,2,0,
sys.bin,452455,5061,388,353,35,0,
txtsamp.bin,2368,37,22,0,22,0,texto de teste
